search_text,existing_trade_name,partnership_name,chamber_of_commerce,establishment_no,address,other
Garage Meer en Bosch,Garage Meer en Bosch,,58044477,27426467,Tannhäuserstraat 4 2555JP s-Gravenhage Sigarenmakerstraat 1 5232BJ s-Hertogenbosch Nevenvestiging,58044477 0000 000027426467 Garage  Meer en Bosch Handel in en reparatie van personenautos en lichte bedrijfsautos (geen import van nieuwe) Keuring en controle van machines ... 58986677 0007 000050666401 garage  meer Bochane Auto IV Den Bosch Bochane Auto IV B.V. Handel in en reparatie van personenautos en lichte bedrijfsautos (geen import van ...
Zandee Classics,Zandee Classics,,65683625,34385495,Dotterbloemlaan 87 2555TL s-Gravenhage,65683625 0000 000034385495 Zandee  Classics Handel in en reparatie van personenautos en lichte bedrijfsautos (geen import van nieuwe) Overige gespecialiseerde reparatie en ...
Autodoktertje,Autodoktertje,,71630864,39803856,Strausslaan 107 2551NB s-Gravenhage,71630864 0000 000039803856 Autodoktertje Handel in en reparatie van personenautos en lichte bedrijfsautos (geen import van nieuwe) www. autodoktertje .nl Eenmanszaak ...
Amac Automotive Consultation,Amac Automotive Consultation,,27309420,463647,Verdistraat 14 2555VD s-Gravenhage,27309420 0000 000000463647 Amac  Automotive  Consultation Advisering op het gebied van informatietechnologie Groothandel en handelsbemiddeling in auto-onderdelen en ...
Waaijenberg Mobiliteit Brommobielen Den Haag,,,,,,
Handelsonderneming Santoro Onderdelen Import,Handelsonderneming Santoro Onderdelen Import,,27126367,15639517,Pluvierstraat 76 2583GJ s-Gravenhage,27126367 0000 000015639517 import  onderdelen  Handelsonderneming  Santoro  Onderdelen  Import Handel in en reparatie van personenautos en lichte bedrijfsautos (geen import van nieuwe) ...
Lasbedrijf BCS,,,,,,
Eco Green Auto Clean,,,,,,
search_text,existing_trade_name,partnership_name,chamber_of_commerce,establishment_no,address,other
Garage Meer en Bosch,Garage Meer en Bosch,,58044477,000027426467,Tannhäuserstraat 4 2555JP s-Gravenhage Sigarenmakerstraat 1 5232BJ s-Hertogenbosch Nevenvestiging,58044477 0000 000027426467 Garage  Meer en Bosch Handel in en reparatie van personenautos en lichte bedrijfsautos (geen import van nieuwe) Keuring en controle van machines ... 58986677 0007 000050666401 garage  meer Bochane Auto IV Den Bosch Bochane Auto IV B.V. Handel in en reparatie van personenautos en lichte bedrijfsautos (geen import van ...
Zandee Classics,Zandee Classics,,65683625,000034385495,Dotterbloemlaan 87 2555TL s-Gravenhage,65683625 0000 000034385495 Zandee  Classics Handel in en reparatie van personenautos en lichte bedrijfsautos (geen import van nieuwe) Overige gespecialiseerde reparatie en ...
Autodoktertje,Autodoktertje,,71630864,000039803856,Strausslaan 107 2551NB s-Gravenhage,71630864 0000 000039803856 Autodoktertje Handel in en reparatie van personenautos en lichte bedrijfsautos (geen import van nieuwe) www. autodoktertje .nl Eenmanszaak ...
Amac Automotive Consultation,Amac Automotive Consultation,,27309420,000000463647,Verdistraat 14 2555VD s-Gravenhage,27309420 0000 000000463647 Amac  Automotive  Consultation Advisering op het gebied van informatietechnologie Groothandel en handelsbemiddeling in auto-onderdelen en ...
Waaijenberg Mobiliteit Brommobielen Den Haag,,,,,,
Handelsonderneming Santoro Onderdelen Import,Handelsonderneming Santoro Onderdelen Import,,27126367,000015639517,Pluvierstraat 76 2583GJ s-Gravenhage,27126367 0000 000015639517 import  onderdelen  Handelsonderneming  Santoro  Onderdelen  Import Handel in en reparatie van personenautos en lichte bedrijfsautos (geen import van nieuwe) ...
Lasbedrijf BCS,,,,,,
Eco Green Auto Clean,,,,,,
Autoservice KwikFit Scheveningen,,,,,,
Garage De Jong,Garage De Jong,Garage de Jong V.O.F,27105639,000001851322,Zeesluisweg 115 2583DP s-Gravenhage Industrieweg 2 e 2821AL Stolwijk Horstweg 18 8763MP Parrega Molenstraat 13 4756BA Kruisland Gemeentenweg 13 5106NK Dongen Hoofdkanaal WZ 113 7881AG Emmer-Compascuum Stationsweg West 31 3931EJ Woudenberg Molenweg 59 7914RS Noordscheschut,27105639 0000 000001851322 Garage  De  Jong Handel in en reparatie van personenautos en lichte bedrijfsautos (geen import van nieuwe) www.garagedejong.nl Eenmanszaak Het ... 54743206 0000 000011466898 de  Garage  de  Jong  Garage  de  Jong V.O.F Handel in en reparatie van personenautos en lichte bedrijfsautos (geen import van nieuwe) ... 69355975 0000 000037712705 Garage Bouwhuis de  Jong Handel in en reparatie van personenautos en lichte bedrijfsautos (geen import van nieuwe) www.bouwhuisdejong.nl ... 20013818 0000 000012305464 Garage  de  Jong Handel in en reparatie van personenautos en lichte bedrijfsautos (geen import van nieuwe) Eenmanszaak Handel in- en reparatie ... 17259236 0000 000009721053 Garage Oosterwaal- de  Jong Handel in en reparatie van personenautos en lichte bedrijfsautos (geen import van nieuwe) Detailhandel in en reparatie ... 04081869 0000 000013858459 Garage Marco de  Jonge Handel in en reparatie van personenautos en lichte bedrijfsautos (geen import van nieuwe) Eenmanszaak Autohandel 81300549 0001 000031883524 Garage  de  Jonge Van Dijk Handel in en reparatie van personenautos en lichte bedrijfsautos (geen import van nieuwe) www.garagedejongevandijk.nl ... 04012054 0000 000004115147 Garage  de  Jonge V.O.F. Benzinestations Vennootschap onder firma Exploitatie van een benzine tankstation Garagebedrijf
Db Scooters,db-scooters,Coulant Touring,62615076,000031606970,Rottumsestraat 39 A 2583HH s-Gravenhage Brakman 70 Unit 3 5047SW Tilburg Landsteinerlaan 11 5644DB Eindhoven de Veurden 5 7134NP Vragender De Weeme 12 A 8421DB Oldeberkoop Hovenierstraat 25 2671DB Naaldwijk Brouwersveld 4 7031DB Wehl Asselsestraat 256 7312DB Apeldoorn Noordhaven 44 a 4761DB Zevenbergen Eerdsebaan 14 A 5482DB Schijndel,62615076 0000 000031606970 scooters . db-scooters Detailhandel in en reparatie van motorfietsen en onderdelen daarvan Www. db -occasions.nl Eenmanszaak De kleinhandel (winkel) ... 78077036 0000 000045729204 scooters  scooters FMK import DB  Scooters B.V. Detailhandel in en reparatie van motorfietsen en onderdelen daarvan Groothandel in fietsen en bromfietsen ... 80651496 0000 000046995099 scooter  scooters  scooters  Scooter LAB Landsteinerlaan 11 5644DB Eindhoven Winkels in fietsen en bromfietsen Reparatie van overige ... 77204050 0000 000044920172 scooters  D.B . Handelsonderneming Verhuur en lease van overige machines en werktuigen en van overige goederen (geen automaten) Reparatie van ... 01088000 0000 000009974466 Coulant Touring De Weeme 12 A 8421DB Oldeberkoop Ongeregeld personenvervoer over de weg Goederenvervoer over de weg (geen verhuizingen) Verhuur en lease ... 81232896 0000 000047542543 Scooter L.T.J. Handelsonderneming Hovenierstraat 25 2671DB Naaldwijk Detailhandel in en reparatie van motorfietsen en onderdelen daarvan ... 09042676 0000 000003089673 scooters Ter Heerdt B.V. Brouwersveld 4 7031DB Wehl Financiële holdings Detailhandel via internet in overige non-food www.tweewieler.com Besloten ... 82499470 0000 000031449239 scooters Vespucci Nederland B.V. Asselsestraat 256 7312DB Apeldoorn Detailhandel in en reparatie van motorfietsen en onderdelen daarvan ... 20096942 0000 000005581516 Noordhaven 44 a 4761DB Zevenbergen Het oprichten van- en deelnemen in vennootschappen en ondernemingen. Import inkoop en verkoop van electrische ... 82174288 0000 000048424625 Eerdsebaan 14 A 5482DB Schijndel Handel in en reparatie van motorfietsen (elektrische) fietsen bromfietsen scooters en onderdelen daarvan ...
AutoruitDirect B.V.,AutoruitDirect B.V.,,14071425,000000489751,Visafslagweg 2 A 2583DM s-Gravenhage Rechtspersoon,14071425 0000 000000489751 AutoruitDirect  B.V. Reparatie van specifieke auto-onderdelen www. autoruitdirect .nl Besloten vennootschap met gewone structuur Montagebedrijf voor ... 14071425 817690281 AutoruitDirect  B.V. Besloten vennootschap met gewone structuur
TDSL Nederland BV,TDSL Nederland B.V.,,27236792,000018253563,Hellingweg 96 B 2583WH s-Gravenhage Rechtspersoon,27236792 0000 000018253563 TDSL  Nederland  B.V . Groothandel in elektronische en telecommunicatieapparatuur en bijbehorende onderdelen Groothandel en handelsbemiddeling in ... 27236792 811531429 TDSL  Nederland  B.V . Besloten vennootschap met gewone structuur
Italia Auto Corse De Alfa Romeo en Fiat specialist van Den Haag,,,,,,
